time_id,the_date,the_day,the_month,the_year,day_of_month,week_of_year,month_of_year,quarter,fiscal_period
738,2021-01-07,Wednesday,January,2021,7,4,1,Q1,
739,2021-01-08,Thursday,January,2021,8,4,1,Q1,
740,2021-01-09,Friday,January,2021,9,4,1,Q1,
741,2021-01-10,Saturday,January,2021,10,4,1,Q1,
742,2021-01-11,Sunday,January,2021,11,5,1,Q1,
743,2021-01-12,Monday,January,2021,12,5,1,Q1,
744,2021-01-13,Tuesday,January,2021,13,5,1,Q1,
745,2021-01-14,Wednesday,January,2021,14,5,1,Q1,
746,2021-01-15,Thursday,January,2021,15,5,1,Q1,
747,2021-01-16,Friday,January,2021,16,5,1,Q1,
748,2021-01-17,Saturday,January,2021,17,5,1,Q1,
749,2021-01-18,Sunday,January,2021,18,6,1,Q1,
750,2021-01-19,Monday,January,2021,19,6,1,Q1,
751,2021-01-20,Tuesday,January,2021,20,6,1,Q1,
752,2021-01-21,Wednesday,January,2021,21,6,1,Q1,
753,2021-01-22,Thursday,January,2021,22,6,1,Q1,
754,2021-01-23,Friday,January,2021,23,6,1,Q1,
755,2021-01-24,Saturday,January,2021,24,6,1,Q1,
756,2021-01-25,Sunday,January,2021,25,7,1,Q1,
757,2021-01-26,Monday,January,2021,26,7,1,Q1,
758,2021-01-27,Tuesday,January,2021,27,7,1,Q1,
759,2021-01-28,Wednesday,January,2021,28,7,1,Q1,
760,2021-01-29,Thursday,January,2021,29,7,1,Q1,
761,2021-01-30,Friday,January,2021,30,7,1,Q1,
762,2021-01-31,Saturday,January,2021,31,7,1,Q1,
763,2021-02-01,Sunday,February,2021,1,8,2,Q1,
764,2021-02-02,Monday,February,2021,2,8,2,Q1,
765,2021-02-03,Tuesday,February,2021,3,8,2,Q1,
766,2021-02-04,Wednesday,February,2021,4,8,2,Q1,
767,2021-02-05,Thursday,February,2021,5,8,2,Q1,
768,2021-02-06,Friday,February,2021,6,8,2,Q1,
769,2021-02-07,Saturday,February,2021,7,8,2,Q1,
770,2021-02-08,Sunday,February,2021,8,9,2,Q1,
771,2021-02-09,Monday,February,2021,9,9,2,Q1,
772,2021-02-10,Tuesday,February,2021,10,9,2,Q1,
773,2021-02-11,Wednesday,February,2021,11,9,2,Q1,
774,2021-02-12,Thursday,February,2021,12,9,2,Q1,
775,2021-02-13,Friday,February,2021,13,9,2,Q1,
776,2021-02-14,Saturday,February,2021,14,9,2,Q1,
777,2021-02-15,Sunday,February,2021,15,10,2,Q1,
778,2021-02-16,Monday,February,2021,16,10,2,Q1,
779,2021-02-17,Tuesday,February,2021,17,10,2,Q1,
780,2021-02-18,Wednesday,February,2021,18,10,2,Q1,
781,2021-02-19,Thursday,February,2021,19,10,2,Q1,
782,2021-02-20,Friday,February,2021,20,10,2,Q1,
783,2021-02-21,Saturday,February,2021,21,10,2,Q1,
784,2021-02-22,Sunday,February,2021,22,11,2,Q1,
785,2021-02-23,Monday,February,2021,23,11,2,Q1,
786,2021-02-24,Tuesday,February,2021,24,11,2,Q1,
787,2021-02-25,Wednesday,February,2021,25,11,2,Q1,
788,2021-02-26,Thursday,February,2021,26,11,2,Q1,
789,2021-02-27,Friday,February,2021,27,11,2,Q1,
790,2021-02-28,Saturday,February,2021,28,11,2,Q1,
791,2021-03-01,Sunday,March,2021,1,12,3,Q1,
792,2021-03-02,Monday,March,2021,2,12,3,Q1,
793,2021-03-03,Tuesday,March,2021,3,12,3,Q1,
794,2021-03-04,Wednesday,March,2021,4,12,3,Q1,
795,2021-03-05,Thursday,March,2021,5,12,3,Q1,
796,2021-03-06,Friday,March,2021,6,12,3,Q1,
797,2021-03-07,Saturday,March,2021,7,12,3,Q1,
798,2021-03-08,Sunday,March,2021,8,13,3,Q1,
799,2021-03-09,Monday,March,2021,9,13,3,Q1,
800,2021-03-10,Tuesday,March,2021,10,13,3,Q1,
801,2021-03-11,Wednesday,March,2021,11,13,3,Q1,
802,2021-03-12,Thursday,March,2021,12,13,3,Q1,
803,2021-03-13,Friday,March,2021,13,13,3,Q1,
804,2021-03-14,Saturday,March,2021,14,13,3,Q1,
805,2021-03-15,Sunday,March,2021,15,14,3,Q1,
806,2021-03-16,Monday,March,2021,16,14,3,Q1,
807,2021-03-17,Tuesday,March,2021,17,14,3,Q1,
808,2021-03-18,Wednesday,March,2021,18,14,3,Q1,
809,2021-03-19,Thursday,March,2021,19,14,3,Q1,
810,2021-03-20,Friday,March,2021,20,14,3,Q1,
811,2021-03-21,Saturday,March,2021,21,14,3,Q1,
812,2021-03-22,Sunday,March,2021,22,15,3,Q1,
813,2021-03-23,Monday,March,2021,23,15,3,Q1,
814,2021-03-24,Tuesday,March,2021,24,15,3,Q1,
815,2021-03-25,Wednesday,March,2021,25,15,3,Q1,
816,2021-03-26,Thursday,March,2021,26,15,3,Q1,
817,2021-03-27,Friday,March,2021,27,15,3,Q1,
818,2021-03-28,Saturday,March,2021,28,15,3,Q1,
819,2021-03-29,Sunday,March,2021,29,16,3,Q1,
820,2021-03-30,Monday,March,2021,30,16,3,Q1,
821,2021-03-31,Tuesday,March,2021,31,16,3,Q1,
822,2021-04-01,Wednesday,April,2021,1,16,4,Q2,
823,2021-04-02,Thursday,April,2021,2,16,4,Q2,
824,2021-04-03,Friday,April,2021,3,16,4,Q2,
825,2021-04-04,Saturday,April,2021,4,16,4,Q2,
826,2021-04-05,Sunday,April,2021,5,17,4,Q2,
827,2021-04-06,Monday,April,2021,6,17,4,Q2,
828,2021-04-07,Tuesday,April,2021,7,17,4,Q2,
829,2021-04-08,Wednesday,April,2021,8,17,4,Q2,
830,2021-04-09,Thursday,April,2021,9,17,4,Q2,
831,2021-04-10,Friday,April,2021,10,17,4,Q2,
832,2021-04-11,Saturday,April,2021,11,17,4,Q2,
833,2021-04-12,Sunday,April,2021,12,18,4,Q2,
834,2021-04-13,Monday,April,2021,13,18,4,Q2,
835,2021-04-14,Tuesday,April,2021,14,18,4,Q2,
836,2021-04-15,Wednesday,April,2021,15,18,4,Q2,
837,2021-04-16,Thursday,April,2021,16,18,4,Q2,
838,2021-04-17,Friday,April,2021,17,18,4,Q2,
839,2021-04-18,Saturday,April,2021,18,18,4,Q2,
840,2021-04-19,Sunday,April,2021,19,19,4,Q2,
841,2021-04-20,Monday,April,2021,20,19,4,Q2,
842,2021-04-21,Tuesday,April,2021,21,19,4,Q2,
843,2021-04-22,Wednesday,April,2021,22,19,4,Q2,
844,2021-04-23,Thursday,April,2021,23,19,4,Q2,
845,2021-04-24,Friday,April,2021,24,19,4,Q2,
846,2021-04-25,Saturday,April,2021,25,19,4,Q2,
847,2021-04-26,Sunday,April,2021,26,20,4,Q2,
848,2021-04-27,Monday,April,2021,27,20,4,Q2,
849,2021-04-28,Tuesday,April,2021,28,20,4,Q2,
850,2021-04-29,Wednesday,April,2021,29,20,4,Q2,
851,2021-04-30,Thursday,April,2021,30,20,4,Q2,
852,2021-05-01,Friday,May,2021,1,20,5,Q2,
853,2021-05-02,Saturday,May,2021,2,20,5,Q2,
854,2021-05-03,Sunday,May,2021,3,21,5,Q2,
855,2021-05-04,Monday,May,2021,4,21,5,Q2,
856,2021-05-05,Tuesday,May,2021,5,21,5,Q2,
857,2021-05-06,Wednesday,May,2021,6,21,5,Q2,
858,2021-05-07,Thursday,May,2021,7,21,5,Q2,
859,2021-05-08,Friday,May,2021,8,21,5,Q2,
860,2021-05-09,Saturday,May,2021,9,21,5,Q2,
861,2021-05-10,Sunday,May,2021,10,22,5,Q2,
862,2021-05-11,Monday,May,2021,11,22,5,Q2,
863,2021-05-12,Tuesday,May,2021,12,22,5,Q2,
864,2021-05-13,Wednesday,May,2021,13,22,5,Q2,
865,2021-05-14,Thursday,May,2021,14,22,5,Q2,
866,2021-05-15,Friday,May,2021,15,22,5,Q2,
867,2021-05-16,Saturday,May,2021,16,22,5,Q2,
868,2021-05-17,Sunday,May,2021,17,23,5,Q2,
869,2021-05-18,Monday,May,2021,18,23,5,Q2,
870,2021-05-19,Tuesday,May,2021,19,23,5,Q2,
871,2021-05-20,Wednesday,May,2021,20,23,5,Q2,
872,2021-05-21,Thursday,May,2021,21,23,5,Q2,
873,2021-05-22,Friday,May,2021,22,23,5,Q2,
874,2021-05-23,Saturday,May,2021,23,23,5,Q2,
875,2021-05-24,Sunday,May,2021,24,24,5,Q2,
876,2021-05-25,Monday,May,2021,25,24,5,Q2,
877,2021-05-26,Tuesday,May,2021,26,24,5,Q2,
878,2021-05-27,Wednesday,May,2021,27,24,5,Q2,
879,2021-05-28,Thursday,May,2021,28,24,5,Q2,
880,2021-05-29,Friday,May,2021,29,24,5,Q2,
881,2021-05-30,Saturday,May,2021,30,24,5,Q2,
882,2021-05-31,Sunday,May,2021,31,25,5,Q2,
883,2021-06-01,Monday,June,2021,1,25,6,Q2,
884,2021-06-02,Tuesday,June,2021,2,25,6,Q2,
885,2021-06-03,Wednesday,June,2021,3,25,6,Q2,
886,2021-06-04,Thursday,June,2021,4,25,6,Q2,
887,2021-06-05,Friday,June,2021,5,25,6,Q2,
888,2021-06-06,Saturday,June,2021,6,25,6,Q2,
889,2021-06-07,Sunday,June,2021,7,26,6,Q2,
890,2021-06-08,Monday,June,2021,8,26,6,Q2,
891,2021-06-09,Tuesday,June,2021,9,26,6,Q2,
892,2021-06-10,Wednesday,June,2021,10,26,6,Q2,
893,2021-06-11,Thursday,June,2021,11,26,6,Q2,
894,2021-06-12,Friday,June,2021,12,26,6,Q2,
895,2021-06-13,Saturday,June,2021,13,26,6,Q2,
896,2021-06-14,Sunday,June,2021,14,27,6,Q2,
897,2021-06-15,Monday,June,2021,15,27,6,Q2,
898,2021-06-16,Tuesday,June,2021,16,27,6,Q2,
899,2021-06-17,Wednesday,June,2021,17,27,6,Q2,
900,2021-06-18,Thursday,June,2021,18,27,6,Q2,
901,2021-06-19,Friday,June,2021,19,27,6,Q2,
902,2021-06-20,Saturday,June,2021,20,27,6,Q2,
903,2021-06-21,Sunday,June,2021,21,28,6,Q2,
904,2021-06-22,Monday,June,2021,22,28,6,Q2,
905,2021-06-23,Tuesday,June,2021,23,28,6,Q2,
906,2021-06-24,Wednesday,June,2021,24,28,6,Q2,
907,2021-06-25,Thursday,June,2021,25,28,6,Q2,
908,2021-06-26,Friday,June,2021,26,28,6,Q2,
909,2021-06-27,Saturday,June,2021,27,28,6,Q2,
910,2021-06-28,Sunday,June,2021,28,29,6,Q2,
911,2021-06-29,Monday,June,2021,29,29,6,Q2,
912,2021-06-30,Tuesday,June,2021,30,29,6,Q2,
913,2021-07-01,Wednesday,July,2021,1,29,7,Q3,
914,2021-07-02,Thursday,July,2021,2,29,7,Q3,
915,2021-07-03,Friday,July,2021,3,29,7,Q3,
916,2021-07-04,Saturday,July,2021,4,29,7,Q3,
917,2021-07-05,Sunday,July,2021,5,30,7,Q3,
918,2021-07-06,Monday,July,2021,6,30,7,Q3,
919,2021-07-07,Tuesday,July,2021,7,30,7,Q3,
920,2021-07-08,Wednesday,July,2021,8,30,7,Q3,
921,2021-07-09,Thursday,July,2021,9,30,7,Q3,
922,2021-07-10,Friday,July,2021,10,30,7,Q3,
923,2021-07-11,Saturday,July,2021,11,30,7,Q3,
924,2021-07-12,Sunday,July,2021,12,31,7,Q3,
925,2021-07-13,Monday,July,2021,13,31,7,Q3,
926,2021-07-14,Tuesday,July,2021,14,31,7,Q3,
927,2021-07-15,Wednesday,July,2021,15,31,7,Q3,
928,2021-07-16,Thursday,July,2021,16,31,7,Q3,
929,2021-07-17,Friday,July,2021,17,31,7,Q3,
930,2021-07-18,Saturday,July,2021,18,31,7,Q3,
931,2021-07-19,Sunday,July,2021,19,32,7,Q3,
932,2021-07-20,Monday,July,2021,20,32,7,Q3,
933,2021-07-21,Tuesday,July,2021,21,32,7,Q3,
934,2021-07-22,Wednesday,July,2021,22,32,7,Q3,
935,2021-07-23,Thursday,July,2021,23,32,7,Q3,
936,2021-07-24,Friday,July,2021,24,32,7,Q3,
937,2021-07-25,Saturday,July,2021,25,32,7,Q3,
938,2021-07-26,Sunday,July,2021,26,33,7,Q3,
939,2021-07-27,Monday,July,2021,27,33,7,Q3,
940,2021-07-28,Tuesday,July,2021,28,33,7,Q3,
941,2021-07-29,Wednesday,July,2021,29,33,7,Q3,
942,2021-07-30,Thursday,July,2021,30,33,7,Q3,
943,2021-07-31,Friday,July,2021,31,33,7,Q3,
944,2021-08-01,Saturday,August,2021,1,33,8,Q3,
945,2021-08-02,Sunday,August,2021,2,34,8,Q3,
946,2021-08-03,Monday,August,2021,3,34,8,Q3,
947,2021-08-04,Tuesday,August,2021,4,34,8,Q3,
948,2021-08-05,Wednesday,August,2021,5,34,8,Q3,
949,2021-08-06,Thursday,August,2021,6,34,8,Q3,
950,2021-08-07,Friday,August,2021,7,34,8,Q3,
951,2021-08-08,Saturday,August,2021,8,34,8,Q3,
952,2021-08-09,Sunday,August,2021,9,35,8,Q3,
953,2021-08-10,Monday,August,2021,10,35,8,Q3,
954,2021-08-11,Tuesday,August,2021,11,35,8,Q3,
955,2021-08-12,Wednesday,August,2021,12,35,8,Q3,
956,2021-08-13,Thursday,August,2021,13,35,8,Q3,
957,2021-08-14,Friday,August,2021,14,35,8,Q3,
958,2021-08-15,Saturday,August,2021,15,35,8,Q3,
959,2021-08-16,Sunday,August,2021,16,36,8,Q3,
960,2021-08-17,Monday,August,2021,17,36,8,Q3,
961,2021-08-18,Tuesday,August,2021,18,36,8,Q3,
962,2021-08-19,Wednesday,August,2021,19,36,8,Q3,
963,2021-08-20,Thursday,August,2021,20,36,8,Q3,
964,2021-08-21,Friday,August,2021,21,36,8,Q3,
965,2021-08-22,Saturday,August,2021,22,36,8,Q3,
966,2021-08-23,Sunday,August,2021,23,37,8,Q3,
967,2021-08-24,Monday,August,2021,24,37,8,Q3,
968,2021-08-25,Tuesday,August,2021,25,37,8,Q3,
969,2021-08-26,Wednesday,August,2021,26,37,8,Q3,
970,2021-08-27,Thursday,August,2021,27,37,8,Q3,
971,2021-08-28,Friday,August,2021,28,37,8,Q3,
972,2021-08-29,Saturday,August,2021,29,37,8,Q3,
973,2021-08-30,Sunday,August,2021,30,38,8,Q3,
974,2021-08-31,Monday,August,2021,31,38,8,Q3,
975,2021-09-01,Tuesday,September,2021,1,38,9,Q3,
976,2021-09-02,Wednesday,September,2021,2,38,9,Q3,
977,2021-09-03,Thursday,September,2021,3,38,9,Q3,
978,2021-09-04,Friday,September,2021,4,38,9,Q3,
979,2021-09-05,Saturday,September,2021,5,38,9,Q3,
980,2021-09-06,Sunday,September,2021,6,39,9,Q3,
981,2021-09-07,Monday,September,2021,7,39,9,Q3,
982,2021-09-08,Tuesday,September,2021,8,39,9,Q3,
983,2021-09-09,Wednesday,September,2021,9,39,9,Q3,
984,2021-09-10,Thursday,September,2021,10,39,9,Q3,
985,2021-09-11,Friday,September,2021,11,39,9,Q3,
986,2021-09-12,Saturday,September,2021,12,39,9,Q3,
987,2021-09-13,Sunday,September,2021,13,40,9,Q3,
988,2021-09-14,Monday,September,2021,14,40,9,Q3,
367,2020-01-01,Wednesday,January,2020,1,2,1,Q1,
368,2020-01-02,Thursday,January,2020,2,2,1,Q1,
369,2020-01-03,Friday,January,2020,3,2,1,Q1,
370,2020-01-04,Saturday,January,2020,4,2,1,Q1,
371,2020-01-05,Sunday,January,2020,5,3,1,Q1,
372,2020-01-06,Monday,January,2020,6,3,1,Q1,
373,2020-01-07,Tuesday,January,2020,7,3,1,Q1,
374,2020-01-08,Wednesday,January,2020,8,3,1,Q1,
375,2020-01-09,Thursday,January,2020,9,3,1,Q1,
376,2020-01-10,Friday,January,2020,10,3,1,Q1,
377,2020-01-11,Saturday,January,2020,11,3,1,Q1,
378,2020-01-12,Sunday,January,2020,12,4,1,Q1,
379,2020-01-13,Monday,January,2020,13,4,1,Q1,
380,2020-01-14,Tuesday,January,2020,14,4,1,Q1,
381,2020-01-15,Wednesday,January,2020,15,4,1,Q1,
382,2020-01-16,Thursday,January,2020,16,4,1,Q1,
383,2020-01-17,Friday,January,2020,17,4,1,Q1,
384,2020-01-18,Saturday,January,2020,18,4,1,Q1,
385,2020-01-19,Sunday,January,2020,19,5,1,Q1,
386,2020-01-20,Monday,January,2020,20,5,1,Q1,
387,2020-01-21,Tuesday,January,2020,21,5,1,Q1,
388,2020-01-22,Wednesday,January,2020,22,5,1,Q1,
389,2020-01-23,Thursday,January,2020,23,5,1,Q1,
390,2020-01-24,Friday,January,2020,24,5,1,Q1,
391,2020-01-25,Saturday,January,2020,25,5,1,Q1,
392,2020-01-26,Sunday,January,2020,26,6,1,Q1,
393,2020-01-27,Monday,January,2020,27,6,1,Q1,
394,2020-01-28,Tuesday,January,2020,28,6,1,Q1,
395,2020-01-29,Wednesday,January,2020,29,6,1,Q1,
396,2020-01-30,Thursday,January,2020,30,6,1,Q1,
397,2020-01-31,Friday,January,2020,31,6,1,Q1,
398,2020-02-01,Saturday,February,2020,1,6,2,Q1,
399,2020-02-02,Sunday,February,2020,2,7,2,Q1,
400,2020-02-03,Monday,February,2020,3,7,2,Q1,
401,2020-02-04,Tuesday,February,2020,4,7,2,Q1,
402,2020-02-05,Wednesday,February,2020,5,7,2,Q1,
403,2020-02-06,Thursday,February,2020,6,7,2,Q1,
404,2020-02-07,Friday,February,2020,7,7,2,Q1,
405,2020-02-08,Saturday,February,2020,8,7,2,Q1,
406,2020-02-09,Sunday,February,2020,9,8,2,Q1,
407,2020-02-10,Monday,February,2020,10,8,2,Q1,
408,2020-02-11,Tuesday,February,2020,11,8,2,Q1,
409,2020-02-12,Wednesday,February,2020,12,8,2,Q1,
410,2020-02-13,Thursday,February,2020,13,8,2,Q1,
411,2020-02-14,Friday,February,2020,14,8,2,Q1,
412,2020-02-15,Saturday,February,2020,15,8,2,Q1,
413,2020-02-16,Sunday,February,2020,16,9,2,Q1,
414,2020-02-17,Monday,February,2020,17,9,2,Q1,
415,2020-02-18,Tuesday,February,2020,18,9,2,Q1,
416,2020-02-19,Wednesday,February,2020,19,9,2,Q1,
417,2020-02-20,Thursday,February,2020,20,9,2,Q1,
418,2020-02-21,Friday,February,2020,21,9,2,Q1,
419,2020-02-22,Saturday,February,2020,22,9,2,Q1,
420,2020-02-23,Sunday,February,2020,23,10,2,Q1,
421,2020-02-24,Monday,February,2020,24,10,2,Q1,
422,2020-02-25,Tuesday,February,2020,25,10,2,Q1,
423,2020-02-26,Wednesday,February,2020,26,10,2,Q1,
424,2020-02-27,Thursday,February,2020,27,10,2,Q1,
425,2020-02-28,Friday,February,2020,28,10,2,Q1,
426,2020-03-01,Saturday,March,2020,1,10,3,Q1,
427,2020-03-02,Sunday,March,2020,2,11,3,Q1,
428,2020-03-03,Monday,March,2020,3,11,3,Q1,
429,2020-03-04,Tuesday,March,2020,4,11,3,Q1,
430,2020-03-05,Wednesday,March,2020,5,11,3,Q1,
431,2020-03-06,Thursday,March,2020,6,11,3,Q1,
432,2020-03-07,Friday,March,2020,7,11,3,Q1,
433,2020-03-08,Saturday,March,2020,8,11,3,Q1,
434,2020-03-09,Sunday,March,2020,9,12,3,Q1,
435,2020-03-10,Monday,March,2020,10,12,3,Q1,
436,2020-03-11,Tuesday,March,2020,11,12,3,Q1,
437,2020-03-12,Wednesday,March,2020,12,12,3,Q1,
438,2020-03-13,Thursday,March,2020,13,12,3,Q1,
439,2020-03-14,Friday,March,2020,14,12,3,Q1,
440,2020-03-15,Saturday,March,2020,15,12,3,Q1,
441,2020-03-16,Sunday,March,2020,16,13,3,Q1,
442,2020-03-17,Monday,March,2020,17,13,3,Q1,
443,2020-03-18,Tuesday,March,2020,18,13,3,Q1,
444,2020-03-19,Wednesday,March,2020,19,13,3,Q1,
445,2020-03-20,Thursday,March,2020,20,13,3,Q1,
446,2020-03-21,Friday,March,2020,21,13,3,Q1,
447,2020-03-22,Saturday,March,2020,22,13,3,Q1,
448,2020-03-23,Sunday,March,2020,23,14,3,Q1,
449,2020-03-24,Monday,March,2020,24,14,3,Q1,
450,2020-03-25,Tuesday,March,2020,25,14,3,Q1,
451,2020-03-26,Wednesday,March,2020,26,14,3,Q1,
452,2020-03-27,Thursday,March,2020,27,14,3,Q1,
453,2020-03-28,Friday,March,2020,28,14,3,Q1,
454,2020-03-29,Saturday,March,2020,29,14,3,Q1,
455,2020-03-30,Sunday,March,2020,30,15,3,Q1,
456,2020-03-31,Monday,March,2020,31,15,3,Q1,
457,2020-04-01,Tuesday,April,2020,1,15,4,Q2,
458,2020-04-02,Wednesday,April,2020,2,15,4,Q2,
459,2020-04-03,Thursday,April,2020,3,15,4,Q2,
460,2020-04-04,Friday,April,2020,4,15,4,Q2,
461,2020-04-05,Saturday,April,2020,5,15,4,Q2,
462,2020-04-06,Sunday,April,2020,6,16,4,Q2,
463,2020-04-07,Monday,April,2020,7,16,4,Q2,
464,2020-04-08,Tuesday,April,2020,8,16,4,Q2,
465,2020-04-09,Wednesday,April,2020,9,16,4,Q2,
466,2020-04-10,Thursday,April,2020,10,16,4,Q2,
467,2020-04-11,Friday,April,2020,11,16,4,Q2,
468,2020-04-12,Saturday,April,2020,12,16,4,Q2,
469,2020-04-13,Sunday,April,2020,13,17,4,Q2,
470,2020-04-14,Monday,April,2020,14,17,4,Q2,
471,2020-04-15,Tuesday,April,2020,15,17,4,Q2,
472,2020-04-16,Wednesday,April,2020,16,17,4,Q2,
473,2020-04-17,Thursday,April,2020,17,17,4,Q2,
474,2020-04-18,Friday,April,2020,18,17,4,Q2,
475,2020-04-19,Saturday,April,2020,19,17,4,Q2,
476,2020-04-20,Sunday,April,2020,20,18,4,Q2,
477,2020-04-21,Monday,April,2020,21,18,4,Q2,
478,2020-04-22,Tuesday,April,2020,22,18,4,Q2,
479,2020-04-23,Wednesday,April,2020,23,18,4,Q2,
480,2020-04-24,Thursday,April,2020,24,18,4,Q2,
481,2020-04-25,Friday,April,2020,25,18,4,Q2,
482,2020-04-26,Saturday,April,2020,26,18,4,Q2,
483,2020-04-27,Sunday,April,2020,27,19,4,Q2,
484,2020-04-28,Monday,April,2020,28,19,4,Q2,
485,2020-04-29,Tuesday,April,2020,29,19,4,Q2,
486,2020-04-30,Wednesday,April,2020,30,19,4,Q2,
487,2020-05-01,Thursday,May,2020,1,19,5,Q2,
488,2020-05-02,Friday,May,2020,2,19,5,Q2,
489,2020-05-03,Saturday,May,2020,3,19,5,Q2,
490,2020-05-04,Sunday,May,2020,4,20,5,Q2,
491,2020-05-05,Monday,May,2020,5,20,5,Q2,
492,2020-05-06,Tuesday,May,2020,6,20,5,Q2,
493,2020-05-07,Wednesday,May,2020,7,20,5,Q2,
494,2020-05-08,Thursday,May,2020,8,20,5,Q2,
495,2020-05-09,Friday,May,2020,9,20,5,Q2,
496,2020-05-10,Saturday,May,2020,10,20,5,Q2,
497,2020-05-11,Sunday,May,2020,11,21,5,Q2,
498,2020-05-12,Monday,May,2020,12,21,5,Q2,
499,2020-05-13,Tuesday,May,2020,13,21,5,Q2,
500,2020-05-14,Wednesday,May,2020,14,21,5,Q2,
501,2020-05-15,Thursday,May,2020,15,21,5,Q2,
502,2020-05-16,Friday,May,2020,16,21,5,Q2,
503,2020-05-17,Saturday,May,2020,17,21,5,Q2,
504,2020-05-18,Sunday,May,2020,18,22,5,Q2,
505,2020-05-19,Monday,May,2020,19,22,5,Q2,
506,2020-05-20,Tuesday,May,2020,20,22,5,Q2,
507,2020-05-21,Wednesday,May,2020,21,22,5,Q2,
508,2020-05-22,Thursday,May,2020,22,22,5,Q2,
509,2020-05-23,Friday,May,2020,23,22,5,Q2,
510,2020-05-24,Saturday,May,2020,24,22,5,Q2,
511,2020-05-25,Sunday,May,2020,25,23,5,Q2,
512,2020-05-26,Monday,May,2020,26,23,5,Q2,
513,2020-05-27,Tuesday,May,2020,27,23,5,Q2,
514,2020-05-28,Wednesday,May,2020,28,23,5,Q2,
515,2020-05-29,Thursday,May,2020,29,23,5,Q2,
516,2020-05-30,Friday,May,2020,30,23,5,Q2,
517,2020-05-31,Saturday,May,2020,31,23,5,Q2,
518,2020-06-01,Sunday,June,2020,1,24,6,Q2,
519,2020-06-02,Monday,June,2020,2,24,6,Q2,
520,2020-06-03,Tuesday,June,2020,3,24,6,Q2,
521,2020-06-04,Wednesday,June,2020,4,24,6,Q2,
522,2020-06-05,Thursday,June,2020,5,24,6,Q2,
523,2020-06-06,Friday,June,2020,6,24,6,Q2,
524,2020-06-07,Saturday,June,2020,7,24,6,Q2,
525,2020-06-08,Sunday,June,2020,8,25,6,Q2,
526,2020-06-09,Monday,June,2020,9,25,6,Q2,
527,2020-06-10,Tuesday,June,2020,10,25,6,Q2,
528,2020-06-11,Wednesday,June,2020,11,25,6,Q2,
529,2020-06-12,Thursday,June,2020,12,25,6,Q2,
530,2020-06-13,Friday,June,2020,13,25,6,Q2,
531,2020-06-14,Saturday,June,2020,14,25,6,Q2,
532,2020-06-15,Sunday,June,2020,15,26,6,Q2,
533,2020-06-16,Monday,June,2020,16,26,6,Q2,
534,2020-06-17,Tuesday,June,2020,17,26,6,Q2,
535,2020-06-18,Wednesday,June,2020,18,26,6,Q2,
536,2020-06-19,Thursday,June,2020,19,26,6,Q2,
537,2020-06-20,Friday,June,2020,20,26,6,Q2,
538,2020-06-21,Saturday,June,2020,21,26,6,Q2,
539,2020-06-22,Sunday,June,2020,22,27,6,Q2,
540,2020-06-23,Monday,June,2020,23,27,6,Q2,
541,2020-06-24,Tuesday,June,2020,24,27,6,Q2,
542,2020-06-25,Wednesday,June,2020,25,27,6,Q2,
543,2020-06-26,Thursday,June,2020,26,27,6,Q2,
544,2020-06-27,Friday,June,2020,27,27,6,Q2,
545,2020-06-28,Saturday,June,2020,28,27,6,Q2,
546,2020-06-29,Sunday,June,2020,29,28,6,Q2,
547,2020-06-30,Monday,June,2020,30,28,6,Q2,
548,2020-07-01,Tuesday,July,2020,1,28,7,Q3,
549,2020-07-02,Wednesday,July,2020,2,28,7,Q3,
550,2020-07-03,Thursday,July,2020,3,28,7,Q3,
551,2020-07-04,Friday,July,2020,4,28,7,Q3,
552,2020-07-05,Saturday,July,2020,5,28,7,Q3,
553,2020-07-06,Sunday,July,2020,6,29,7,Q3,
554,2020-07-07,Monday,July,2020,7,29,7,Q3,
555,2020-07-08,Tuesday,July,2020,8,29,7,Q3,
556,2020-07-09,Wednesday,July,2020,9,29,7,Q3,
557,2020-07-10,Thursday,July,2020,10,29,7,Q3,
558,2020-07-11,Friday,July,2020,11,29,7,Q3,
559,2020-07-12,Saturday,July,2020,12,29,7,Q3,
560,2020-07-13,Sunday,July,2020,13,30,7,Q3,
561,2020-07-14,Monday,July,2020,14,30,7,Q3,
562,2020-07-15,Tuesday,July,2020,15,30,7,Q3,
563,2020-07-16,Wednesday,July,2020,16,30,7,Q3,
564,2020-07-17,Thursday,July,2020,17,30,7,Q3,
565,2020-07-18,Friday,July,2020,18,30,7,Q3,
566,2020-07-19,Saturday,July,2020,19,30,7,Q3,
567,2020-07-20,Sunday,July,2020,20,31,7,Q3,
568,2020-07-21,Monday,July,2020,21,31,7,Q3,
569,2020-07-22,Tuesday,July,2020,22,31,7,Q3,
570,2020-07-23,Wednesday,July,2020,23,31,7,Q3,
571,2020-07-24,Thursday,July,2020,24,31,7,Q3,
572,2020-07-25,Friday,July,2020,25,31,7,Q3,
573,2020-07-26,Saturday,July,2020,26,31,7,Q3,
574,2020-07-27,Sunday,July,2020,27,32,7,Q3,
575,2020-07-28,Monday,July,2020,28,32,7,Q3,
576,2020-07-29,Tuesday,July,2020,29,32,7,Q3,
577,2020-07-30,Wednesday,July,2020,30,32,7,Q3,
578,2020-07-31,Thursday,July,2020,31,32,7,Q3,
579,2020-08-01,Friday,August,2020,1,32,8,Q3,
580,2020-08-02,Saturday,August,2020,2,32,8,Q3,
581,2020-08-03,Sunday,August,2020,3,33,8,Q3,
582,2020-08-04,Monday,August,2020,4,33,8,Q3,
583,2020-08-05,Tuesday,August,2020,5,33,8,Q3,
584,2020-08-06,Wednesday,August,2020,6,33,8,Q3,
585,2020-08-07,Thursday,August,2020,7,33,8,Q3,
586,2020-08-08,Friday,August,2020,8,33,8,Q3,
587,2020-08-09,Saturday,August,2020,9,33,8,Q3,
588,2020-08-10,Sunday,August,2020,10,34,8,Q3,
589,2020-08-11,Monday,August,2020,11,34,8,Q3,
590,2020-08-12,Tuesday,August,2020,12,34,8,Q3,
591,2020-08-13,Wednesday,August,2020,13,34,8,Q3,
592,2020-08-14,Thursday,August,2020,14,34,8,Q3,
593,2020-08-15,Friday,August,2020,15,34,8,Q3,
594,2020-08-16,Saturday,August,2020,16,34,8,Q3,
595,2020-08-17,Sunday,August,2020,17,35,8,Q3,
596,2020-08-18,Monday,August,2020,18,35,8,Q3,
597,2020-08-19,Tuesday,August,2020,19,35,8,Q3,
598,2020-08-20,Wednesday,August,2020,20,35,8,Q3,
599,2020-08-21,Thursday,August,2020,21,35,8,Q3,
600,2020-08-22,Friday,August,2020,22,35,8,Q3,
601,2020-08-23,Saturday,August,2020,23,35,8,Q3,
602,2020-08-24,Sunday,August,2020,24,36,8,Q3,
603,2020-08-25,Monday,August,2020,25,36,8,Q3,
604,2020-08-26,Tuesday,August,2020,26,36,8,Q3,
605,2020-08-27,Wednesday,August,2020,27,36,8,Q3,
606,2020-08-28,Thursday,August,2020,28,36,8,Q3,
607,2020-08-29,Friday,August,2020,29,36,8,Q3,
608,2020-08-30,Saturday,August,2020,30,36,8,Q3,
609,2020-08-31,Sunday,August,2020,31,37,8,Q3,
610,2020-09-01,Monday,September,2020,1,37,9,Q3,
611,2020-09-02,Tuesday,September,2020,2,37,9,Q3,
612,2020-09-03,Wednesday,September,2020,3,37,9,Q3,
613,2020-09-04,Thursday,September,2020,4,37,9,Q3,
614,2020-09-05,Friday,September,2020,5,37,9,Q3,
615,2020-09-06,Saturday,September,2020,6,37,9,Q3,
616,2020-09-07,Sunday,September,2020,7,38,9,Q3,
617,2020-09-08,Monday,September,2020,8,38,9,Q3,
618,2020-09-09,Tuesday,September,2020,9,38,9,Q3,
619,2020-09-10,Wednesday,September,2020,10,38,9,Q3,
620,2020-09-11,Thursday,September,2020,11,38,9,Q3,
621,2020-09-12,Friday,September,2020,12,38,9,Q3,
622,2020-09-13,Saturday,September,2020,13,38,9,Q3,
623,2020-09-14,Sunday,September,2020,14,39,9,Q3,
624,2020-09-15,Monday,September,2020,15,39,9,Q3,
625,2020-09-16,Tuesday,September,2020,16,39,9,Q3,
626,2020-09-17,Wednesday,September,2020,17,39,9,Q3,
627,2020-09-18,Thursday,September,2020,18,39,9,Q3,
628,2020-09-19,Friday,September,2020,19,39,9,Q3,
629,2020-09-20,Saturday,September,2020,20,39,9,Q3,
630,2020-09-21,Sunday,September,2020,21,40,9,Q3,
631,2020-09-22,Monday,September,2020,22,40,9,Q3,
632,2020-09-23,Tuesday,September,2020,23,40,9,Q3,
633,2020-09-24,Wednesday,September,2020,24,40,9,Q3,
634,2020-09-25,Thursday,September,2020,25,40,9,Q3,
635,2020-09-26,Friday,September,2020,26,40,9,Q3,
636,2020-09-27,Saturday,September,2020,27,40,9,Q3,
637,2020-09-28,Sunday,September,2020,28,41,9,Q3,
638,2020-09-29,Monday,September,2020,29,41,9,Q3,
639,2020-09-30,Tuesday,September,2020,30,41,9,Q3,
640,2020-10-01,Wednesday,October,2020,1,41,10,Q4,
641,2020-10-02,Thursday,October,2020,2,41,10,Q4,
642,2020-10-03,Friday,October,2020,3,41,10,Q4,
643,2020-10-04,Saturday,October,2020,4,41,10,Q4,
644,2020-10-05,Sunday,October,2020,5,42,10,Q4,
645,2020-10-06,Monday,October,2020,6,42,10,Q4,
646,2020-10-07,Tuesday,October,2020,7,42,10,Q4,
647,2020-10-08,Wednesday,October,2020,8,42,10,Q4,
648,2020-10-09,Thursday,October,2020,9,42,10,Q4,
649,2020-10-10,Friday,October,2020,10,42,10,Q4,
650,2020-10-11,Saturday,October,2020,11,42,10,Q4,
651,2020-10-12,Sunday,October,2020,12,43,10,Q4,
652,2020-10-13,Monday,October,2020,13,43,10,Q4,
653,2020-10-14,Tuesday,October,2020,14,43,10,Q4,
654,2020-10-15,Wednesday,October,2020,15,43,10,Q4,
655,2020-10-16,Thursday,October,2020,16,43,10,Q4,
656,2020-10-17,Friday,October,2020,17,43,10,Q4,
657,2020-10-18,Saturday,October,2020,18,43,10,Q4,
658,2020-10-19,Sunday,October,2020,19,44,10,Q4,
659,2020-10-20,Monday,October,2020,20,44,10,Q4,
660,2020-10-21,Tuesday,October,2020,21,44,10,Q4,
661,2020-10-22,Wednesday,October,2020,22,44,10,Q4,
662,2020-10-23,Thursday,October,2020,23,44,10,Q4,
663,2020-10-24,Friday,October,2020,24,44,10,Q4,
664,2020-10-25,Saturday,October,2020,25,44,10,Q4,
665,2020-10-26,Sunday,October,2020,26,45,10,Q4,
666,2020-10-27,Monday,October,2020,27,45,10,Q4,
667,2020-10-28,Tuesday,October,2020,28,45,10,Q4,
668,2020-10-29,Wednesday,October,2020,29,45,10,Q4,
669,2020-10-30,Thursday,October,2020,30,45,10,Q4,
670,2020-10-31,Friday,October,2020,31,45,10,Q4,
671,2020-11-01,Saturday,November,2020,1,45,11,Q4,
672,2020-11-02,Sunday,November,2020,2,46,11,Q4,
673,2020-11-03,Monday,November,2020,3,46,11,Q4,
674,2020-11-04,Tuesday,November,2020,4,46,11,Q4,
675,2020-11-05,Wednesday,November,2020,5,46,11,Q4,
676,2020-11-06,Thursday,November,2020,6,46,11,Q4,
677,2020-11-07,Friday,November,2020,7,46,11,Q4,
678,2020-11-08,Saturday,November,2020,8,46,11,Q4,
679,2020-11-09,Sunday,November,2020,9,47,11,Q4,
680,2020-11-10,Monday,November,2020,10,47,11,Q4,
681,2020-11-11,Tuesday,November,2020,11,47,11,Q4,
682,2020-11-12,Wednesday,November,2020,12,47,11,Q4,
683,2020-11-13,Thursday,November,2020,13,47,11,Q4,
684,2020-11-14,Friday,November,2020,14,47,11,Q4,
685,2020-11-15,Saturday,November,2020,15,47,11,Q4,
686,2020-11-16,Sunday,November,2020,16,48,11,Q4,
687,2020-11-17,Monday,November,2020,17,48,11,Q4,
688,2020-11-18,Tuesday,November,2020,18,48,11,Q4,
689,2020-11-19,Wednesday,November,2020,19,48,11,Q4,
690,2020-11-20,Thursday,November,2020,20,48,11,Q4,
691,2020-11-21,Friday,November,2020,21,48,11,Q4,
692,2020-11-22,Saturday,November,2020,22,48,11,Q4,
693,2020-11-23,Sunday,November,2020,23,49,11,Q4,
694,2020-11-24,Monday,November,2020,24,49,11,Q4,
695,2020-11-25,Tuesday,November,2020,25,49,11,Q4,
696,2020-11-26,Wednesday,November,2020,26,49,11,Q4,
697,2020-11-27,Thursday,November,2020,27,49,11,Q4,
698,2020-11-28,Friday,November,2020,28,49,11,Q4,
699,2020-11-29,Saturday,November,2020,29,49,11,Q4,
700,2020-11-30,Sunday,November,2020,30,50,11,Q4,
701,2020-12-01,Monday,December,2020,1,50,12,Q4,
702,2020-12-02,Tuesday,December,2020,2,50,12,Q4,
703,2020-12-03,Wednesday,December,2020,3,50,12,Q4,
704,2020-12-04,Thursday,December,2020,4,50,12,Q4,
705,2020-12-05,Friday,December,2020,5,50,12,Q4,
706,2020-12-06,Saturday,December,2020,6,50,12,Q4,
707,2020-12-07,Sunday,December,2020,7,51,12,Q4,
708,2020-12-08,Monday,December,2020,8,51,12,Q4,
709,2020-12-09,Tuesday,December,2020,9,51,12,Q4,
710,2020-12-10,Wednesday,December,2020,10,51,12,Q4,
711,2020-12-11,Thursday,December,2020,11,51,12,Q4,
712,2020-12-12,Friday,December,2020,12,51,12,Q4,
713,2020-12-13,Saturday,December,2020,13,51,12,Q4,
714,2020-12-14,Sunday,December,2020,14,52,12,Q4,
715,2020-12-15,Monday,December,2020,15,1,12,Q4,
716,2020-12-16,Tuesday,December,2020,16,1,12,Q4,
717,2020-12-17,Wednesday,December,2020,17,1,12,Q4,
718,2020-12-18,Thursday,December,2020,18,1,12,Q4,
719,2020-12-19,Friday,December,2020,19,1,12,Q4,
720,2020-12-20,Saturday,December,2020,20,1,12,Q4,
721,2020-12-21,Sunday,December,2020,21,2,12,Q4,
722,2020-12-22,Monday,December,2020,22,2,12,Q4,
723,2020-12-23,Tuesday,December,2020,23,2,12,Q4,
724,2020-12-24,Wednesday,December,2020,24,2,12,Q4,
725,2020-12-25,Thursday,December,2020,25,2,12,Q4,
726,2020-12-26,Friday,December,2020,26,2,12,Q4,
727,2020-12-27,Saturday,December,2020,27,2,12,Q4,
728,2020-12-28,Sunday,December,2020,28,3,12,Q4,
729,2020-12-29,Monday,December,2020,29,3,12,Q4,
730,2020-12-30,Tuesday,December,2020,30,3,12,Q4,
731,2020-12-31,Wednesday,December,2020,31,3,12,Q4,
732,2021-01-01,Thursday,January,2021,1,3,1,Q1,
733,2021-01-02,Friday,January,2021,2,3,1,Q1,
734,2021-01-03,Saturday,January,2021,3,3,1,Q1,
735,2021-01-04,Sunday,January,2021,4,4,1,Q1,
736,2021-01-05,Monday,January,2021,5,4,1,Q1,
737,2021-01-06,Tuesday,January,2021,6,4,1,Q1,
989,2021-09-15,Tuesday,September,2021,15,40,9,Q3,
990,2021-09-16,Wednesday,September,2021,16,40,9,Q3,
991,2021-09-17,Thursday,September,2021,17,40,9,Q3,
992,2021-09-18,Friday,September,2021,18,40,9,Q3,
993,2021-09-19,Saturday,September,2021,19,40,9,Q3,
994,2021-09-20,Sunday,September,2021,20,41,9,Q3,
995,2021-09-21,Monday,September,2021,21,41,9,Q3,
996,2021-09-22,Tuesday,September,2021,22,41,9,Q3,
997,2021-09-23,Wednesday,September,2021,23,41,9,Q3,
998,2021-09-24,Thursday,September,2021,24,41,9,Q3,
999,2021-09-25,Friday,September,2021,25,41,9,Q3,
1000,2021-09-26,Saturday,September,2021,26,41,9,Q3,
1001,2021-09-27,Sunday,September,2021,27,42,9,Q3,
1002,2021-09-28,Monday,September,2021,28,42,9,Q3,
1003,2021-09-29,Tuesday,September,2021,29,42,9,Q3,
1004,2021-09-30,Wednesday,September,2021,30,42,9,Q3,
1005,2021-10-01,Thursday,October,2021,1,42,10,Q4,
1006,2021-10-02,Friday,October,2021,2,42,10,Q4,
1007,2021-10-03,Saturday,October,2021,3,42,10,Q4,
1008,2021-10-04,Sunday,October,2021,4,43,10,Q4,
1009,2021-10-05,Monday,October,2021,5,43,10,Q4,
1010,2021-10-06,Tuesday,October,2021,6,43,10,Q4,
1011,2021-10-07,Wednesday,October,2021,7,43,10,Q4,
1012,2021-10-08,Thursday,October,2021,8,43,10,Q4,
1013,2021-10-09,Friday,October,2021,9,43,10,Q4,
1014,2021-10-10,Saturday,October,2021,10,43,10,Q4,
1015,2021-10-11,Sunday,October,2021,11,44,10,Q4,
1016,2021-10-12,Monday,October,2021,12,44,10,Q4,
1017,2021-10-13,Tuesday,October,2021,13,44,10,Q4,
1018,2021-10-14,Wednesday,October,2021,14,44,10,Q4,
1019,2021-10-15,Thursday,October,2021,15,44,10,Q4,
1020,2021-10-16,Friday,October,2021,16,44,10,Q4,
1021,2021-10-17,Saturday,October,2021,17,44,10,Q4,
1022,2021-10-18,Sunday,October,2021,18,45,10,Q4,
1023,2021-10-19,Monday,October,2021,19,45,10,Q4,
1024,2021-10-20,Tuesday,October,2021,20,45,10,Q4,
1025,2021-10-21,Wednesday,October,2021,21,45,10,Q4,
1026,2021-10-22,Thursday,October,2021,22,45,10,Q4,
1027,2021-10-23,Friday,October,2021,23,45,10,Q4,
1028,2021-10-24,Saturday,October,2021,24,45,10,Q4,
1029,2021-10-25,Sunday,October,2021,25,46,10,Q4,
1030,2021-10-26,Monday,October,2021,26,46,10,Q4,
1031,2021-10-27,Tuesday,October,2021,27,46,10,Q4,
1032,2021-10-28,Wednesday,October,2021,28,46,10,Q4,
1033,2021-10-29,Thursday,October,2021,29,46,10,Q4,
1034,2021-10-30,Friday,October,2021,30,46,10,Q4,
1035,2021-10-31,Saturday,October,2021,31,46,10,Q4,
1036,2021-11-01,Sunday,November,2021,1,47,11,Q4,
1037,2021-11-02,Monday,November,2021,2,47,11,Q4,
1038,2021-11-03,Tuesday,November,2021,3,47,11,Q4,
1039,2021-11-04,Wednesday,November,2021,4,47,11,Q4,
1040,2021-11-05,Thursday,November,2021,5,47,11,Q4,
1041,2021-11-06,Friday,November,2021,6,47,11,Q4,
1042,2021-11-07,Saturday,November,2021,7,47,11,Q4,
1043,2021-11-08,Sunday,November,2021,8,48,11,Q4,
1044,2021-11-09,Monday,November,2021,9,48,11,Q4,
1045,2021-11-10,Tuesday,November,2021,10,48,11,Q4,
1046,2021-11-11,Wednesday,November,2021,11,48,11,Q4,
1047,2021-11-12,Thursday,November,2021,12,48,11,Q4,
1048,2021-11-13,Friday,November,2021,13,48,11,Q4,
1049,2021-11-14,Saturday,November,2021,14,48,11,Q4,
1050,2021-11-15,Sunday,November,2021,15,49,11,Q4,
1051,2021-11-16,Monday,November,2021,16,49,11,Q4,
1052,2021-11-17,Tuesday,November,2021,17,49,11,Q4,
1053,2021-11-18,Wednesday,November,2021,18,49,11,Q4,
1054,2021-11-19,Thursday,November,2021,19,49,11,Q4,
1055,2021-11-20,Friday,November,2021,20,49,11,Q4,
1056,2021-11-21,Saturday,November,2021,21,49,11,Q4,
1057,2021-11-22,Sunday,November,2021,22,50,11,Q4,
1058,2021-11-23,Monday,November,2021,23,50,11,Q4,
1059,2021-11-24,Tuesday,November,2021,24,50,11,Q4,
1060,2021-11-25,Wednesday,November,2021,25,50,11,Q4,
1061,2021-11-26,Thursday,November,2021,26,50,11,Q4,
1062,2021-11-27,Friday,November,2021,27,50,11,Q4,
1063,2021-11-28,Saturday,November,2021,28,50,11,Q4,
1064,2021-11-29,Sunday,November,2021,29,51,11,Q4,
1065,2021-11-30,Monday,November,2021,30,51,11,Q4,
1066,2021-12-01,Tuesday,December,2021,1,51,12,Q4,
1067,2021-12-02,Wednesday,December,2021,2,51,12,Q4,
1068,2021-12-03,Thursday,December,2021,3,51,12,Q4,
1069,2021-12-04,Friday,December,2021,4,51,12,Q4,
1070,2021-12-05,Saturday,December,2021,5,51,12,Q4,
1071,2021-12-06,Sunday,December,2021,6,52,12,Q4,
1072,2021-12-07,Monday,December,2021,7,1,12,Q4,
1073,2021-12-08,Tuesday,December,2021,8,1,12,Q4,
1074,2021-12-09,Wednesday,December,2021,9,1,12,Q4,
1075,2021-12-10,Thursday,December,2021,10,1,12,Q4,
1076,2021-12-11,Friday,December,2021,11,1,12,Q4,
1077,2021-12-12,Saturday,December,2021,12,1,12,Q4,
1078,2021-12-13,Sunday,December,2021,13,2,12,Q4,
1079,2021-12-14,Monday,December,2021,14,2,12,Q4,
1080,2021-12-15,Tuesday,December,2021,15,2,12,Q4,
1081,2021-12-16,Wednesday,December,2021,16,2,12,Q4,
1082,2021-12-17,Thursday,December,2021,17,2,12,Q4,
1083,2021-12-18,Friday,December,2021,18,2,12,Q4,
1084,2021-12-19,Saturday,December,2021,19,2,12,Q4,
1085,2021-12-20,Sunday,December,2021,20,3,12,Q4,
1086,2021-12-21,Monday,December,2021,21,3,12,Q4,
1087,2021-12-22,Tuesday,December,2021,22,3,12,Q4,
1088,2021-12-23,Wednesday,December,2021,23,3,12,Q4,
1089,2021-12-24,Thursday,December,2021,24,3,12,Q4,
1090,2021-12-25,Friday,December,2021,25,3,12,Q4,
1091,2021-12-26,Saturday,December,2021,26,3,12,Q4,
1092,2021-12-27,Sunday,December,2021,27,4,12,Q4,
1093,2021-12-28,Monday,December,2021,28,4,12,Q4,
1094,2021-12-29,Tuesday,December,2021,29,4,12,Q4,
1095,2021-12-30,Wednesday,December,2021,30,4,12,Q4,
1096,2021-12-31,Thursday,December,2021,31,4,12,Q4,
